system,schedule,model,num_micro_batches,step,loss,tokens_per_sec
singlegpu,grad_ckpt,gpt2-xl,8,1,3.134587,0.0
singlegpu,grad_ckpt,gpt2-xl,8,2,2.953715,0.0
singlegpu,grad_ckpt,gpt2-xl,8,3,2.921205,0.0
singlegpu,grad_ckpt,gpt2-xl,8,4,2.899447,145.3
singlegpu,grad_ckpt,gpt2-xl,8,5,2.792219,143.5
singlegpu,grad_ckpt,gpt2-xl,8,6,2.891308,143.7
singlegpu,grad_ckpt,gpt2-xl,8,7,2.857755,143.7
singlegpu,grad_ckpt,gpt2-xl,8,8,2.823168,143.5
singlegpu,grad_ckpt,gpt2-xl,8,9,2.815113,143.3
singlegpu,grad_ckpt,gpt2-xl,8,10,2.800491,143.3
singlegpu,grad_ckpt,gpt2-xl,8,11,2.847084,143.5
singlegpu,grad_ckpt,gpt2-xl,8,12,2.795418,143.4
singlegpu,grad_ckpt,gpt2-xl,8,13,2.775086,143.4
singlegpu,grad_ckpt,gpt2-xl,8,14,2.803539,143.4
singlegpu,grad_ckpt,gpt2-xl,8,15,2.756478,143.4
singlegpu,grad_ckpt,gpt2-xl,8,16,2.752868,143.5
singlegpu,grad_ckpt,gpt2-xl,8,17,2.824132,143.4
singlegpu,grad_ckpt,gpt2-xl,8,18,2.731827,143.4
singlegpu,grad_ckpt,gpt2-xl,8,19,2.678607,143.4
singlegpu,grad_ckpt,gpt2-xl,8,20,2.721366,143.4
singlegpu,grad_ckpt,gpt2-xl,8,21,2.749536,143.4
singlegpu,grad_ckpt,gpt2-xl,8,22,2.740045,143.4
singlegpu,grad_ckpt,gpt2-xl,8,23,2.774659,143.4
singlegpu,grad_ckpt,gpt2-xl,8,24,2.717893,143.3
singlegpu,grad_ckpt,gpt2-xl,8,25,2.712775,143.3
singlegpu,grad_ckpt,gpt2-xl,8,26,2.711641,143.4
singlegpu,grad_ckpt,gpt2-xl,8,27,2.771361,143.3
singlegpu,grad_ckpt,gpt2-xl,8,28,2.722228,143.3
singlegpu,grad_ckpt,gpt2-xl,8,29,2.785264,143.3
singlegpu,grad_ckpt,gpt2-xl,8,30,2.715777,143.3
singlegpu,grad_ckpt,gpt2-xl,8,31,2.766700,143.3
singlegpu,grad_ckpt,gpt2-xl,8,32,2.796671,143.3
singlegpu,grad_ckpt,gpt2-xl,8,33,2.690310,143.3
singlegpu,grad_ckpt,gpt2-xl,8,34,2.705380,143.3
singlegpu,grad_ckpt,gpt2-xl,8,35,2.700716,143.3
singlegpu,grad_ckpt,gpt2-xl,8,36,2.715187,143.3
singlegpu,grad_ckpt,gpt2-xl,8,37,2.685509,143.3
singlegpu,grad_ckpt,gpt2-xl,8,38,2.717725,143.3
singlegpu,grad_ckpt,gpt2-xl,8,39,2.711163,143.3
singlegpu,grad_ckpt,gpt2-xl,8,40,2.750599,143.3
singlegpu,grad_ckpt,gpt2-xl,8,41,2.701372,143.3
singlegpu,grad_ckpt,gpt2-xl,8,42,2.654951,143.3
singlegpu,grad_ckpt,gpt2-xl,8,43,2.748883,143.3
singlegpu,grad_ckpt,gpt2-xl,8,44,2.805015,143.3
singlegpu,grad_ckpt,gpt2-xl,8,45,2.713976,143.3
singlegpu,grad_ckpt,gpt2-xl,8,46,2.709972,143.3
singlegpu,grad_ckpt,gpt2-xl,8,47,2.708469,143.3
singlegpu,grad_ckpt,gpt2-xl,8,48,2.691171,143.3
singlegpu,grad_ckpt,gpt2-xl,8,49,2.709190,143.3
singlegpu,grad_ckpt,gpt2-xl,8,50,2.625270,143.3
singlegpu,grad_ckpt,gpt2-xl,8,51,2.703745,143.3
singlegpu,grad_ckpt,gpt2-xl,8,52,2.744622,143.3
singlegpu,grad_ckpt,gpt2-xl,8,53,2.687972,143.3
singlegpu,grad_ckpt,gpt2-xl,8,54,2.684769,143.3
singlegpu,grad_ckpt,gpt2-xl,8,55,2.651116,143.3
singlegpu,grad_ckpt,gpt2-xl,8,56,2.696071,143.3
singlegpu,grad_ckpt,gpt2-xl,8,57,2.677846,143.3
singlegpu,grad_ckpt,gpt2-xl,8,58,2.687953,143.3
singlegpu,grad_ckpt,gpt2-xl,8,59,2.698296,143.3
singlegpu,grad_ckpt,gpt2-xl,8,60,2.720730,143.3
singlegpu,grad_ckpt,gpt2-xl,8,61,2.674155,143.3
singlegpu,grad_ckpt,gpt2-xl,8,62,2.649832,143.3
singlegpu,grad_ckpt,gpt2-xl,8,63,2.676066,143.3
singlegpu,grad_ckpt,gpt2-xl,8,64,2.687196,143.3
singlegpu,grad_ckpt,gpt2-xl,8,65,2.697244,143.3
singlegpu,grad_ckpt,gpt2-xl,8,66,2.745639,143.3
singlegpu,grad_ckpt,gpt2-xl,8,67,2.687273,143.3
singlegpu,grad_ckpt,gpt2-xl,8,68,2.706232,143.3
singlegpu,grad_ckpt,gpt2-xl,8,69,2.595329,143.3
singlegpu,grad_ckpt,gpt2-xl,8,70,2.751080,143.3
singlegpu,grad_ckpt,gpt2-xl,8,71,2.697423,143.3
singlegpu,grad_ckpt,gpt2-xl,8,72,2.628194,143.3
singlegpu,grad_ckpt,gpt2-xl,8,73,2.694946,143.2
singlegpu,grad_ckpt,gpt2-xl,8,74,2.637703,143.2
singlegpu,grad_ckpt,gpt2-xl,8,75,2.558467,143.2
singlegpu,grad_ckpt,gpt2-xl,8,76,2.643226,143.2
singlegpu,grad_ckpt,gpt2-xl,8,77,2.635318,143.2
singlegpu,grad_ckpt,gpt2-xl,8,78,2.593226,143.2
singlegpu,grad_ckpt,gpt2-xl,8,79,2.648264,143.2
singlegpu,grad_ckpt,gpt2-xl,8,80,2.677873,143.2
singlegpu,grad_ckpt,gpt2-xl,8,81,2.679026,143.2
singlegpu,grad_ckpt,gpt2-xl,8,82,2.562576,143.2
singlegpu,grad_ckpt,gpt2-xl,8,83,2.656186,143.2
singlegpu,grad_ckpt,gpt2-xl,8,84,2.626498,143.2
singlegpu,grad_ckpt,gpt2-xl,8,85,2.456455,143.2
singlegpu,grad_ckpt,gpt2-xl,8,86,2.674607,143.2
singlegpu,grad_ckpt,gpt2-xl,8,87,2.633559,143.2
singlegpu,grad_ckpt,gpt2-xl,8,88,2.591144,143.2
singlegpu,grad_ckpt,gpt2-xl,8,89,2.590842,143.2
singlegpu,grad_ckpt,gpt2-xl,8,90,2.600886,143.2
singlegpu,grad_ckpt,gpt2-xl,8,91,2.549598,143.2
singlegpu,grad_ckpt,gpt2-xl,8,92,2.612501,143.2
singlegpu,grad_ckpt,gpt2-xl,8,93,2.597681,143.2
singlegpu,grad_ckpt,gpt2-xl,8,94,2.558318,143.2
singlegpu,grad_ckpt,gpt2-xl,8,95,2.558471,143.2
singlegpu,grad_ckpt,gpt2-xl,8,96,2.637446,143.2
singlegpu,grad_ckpt,gpt2-xl,8,97,2.606003,143.1
singlegpu,grad_ckpt,gpt2-xl,8,98,2.575840,143.1
singlegpu,grad_ckpt,gpt2-xl,8,99,2.560995,143.1
singlegpu,grad_ckpt,gpt2-xl,8,100,2.657451,143.1
singlegpu,grad_ckpt,gpt2-xl,8,101,2.664211,143.1
singlegpu,grad_ckpt,gpt2-xl,8,102,2.520952,143.1
singlegpu,grad_ckpt,gpt2-xl,8,103,2.576345,143.1
singlegpu,grad_ckpt,gpt2-xl,8,104,2.543614,143.1
singlegpu,grad_ckpt,gpt2-xl,8,105,2.610244,143.1
singlegpu,grad_ckpt,gpt2-xl,8,106,2.601809,143.1
singlegpu,grad_ckpt,gpt2-xl,8,107,2.624317,143.1
singlegpu,grad_ckpt,gpt2-xl,8,108,2.568814,143.1
singlegpu,grad_ckpt,gpt2-xl,8,109,2.606827,143.1
singlegpu,grad_ckpt,gpt2-xl,8,110,2.641163,143.1
singlegpu,grad_ckpt,gpt2-xl,8,111,2.630752,143.1
singlegpu,grad_ckpt,gpt2-xl,8,112,2.611539,143.1
singlegpu,grad_ckpt,gpt2-xl,8,113,2.569257,143.1
singlegpu,grad_ckpt,gpt2-xl,8,114,2.636922,143.1
singlegpu,grad_ckpt,gpt2-xl,8,115,2.569993,143.1
singlegpu,grad_ckpt,gpt2-xl,8,116,2.595067,143.1
singlegpu,grad_ckpt,gpt2-xl,8,117,2.558997,143.1
singlegpu,grad_ckpt,gpt2-xl,8,118,2.634446,143.1
singlegpu,grad_ckpt,gpt2-xl,8,119,2.577966,143.1
singlegpu,grad_ckpt,gpt2-xl,8,120,2.512610,143.1
singlegpu,grad_ckpt,gpt2-xl,8,121,2.571853,143.1
singlegpu,grad_ckpt,gpt2-xl,8,122,2.568661,143.1
singlegpu,grad_ckpt,gpt2-xl,8,123,2.610160,143.1
singlegpu,grad_ckpt,gpt2-xl,8,124,2.592176,143.1
singlegpu,grad_ckpt,gpt2-xl,8,125,2.590808,143.1
singlegpu,grad_ckpt,gpt2-xl,8,126,2.618472,143.1
singlegpu,grad_ckpt,gpt2-xl,8,127,2.559236,143.1
singlegpu,grad_ckpt,gpt2-xl,8,128,2.595399,143.1
singlegpu,grad_ckpt,gpt2-xl,8,129,2.679245,143.1
singlegpu,grad_ckpt,gpt2-xl,8,130,2.635160,143.1
singlegpu,grad_ckpt,gpt2-xl,8,131,2.567986,143.1
singlegpu,grad_ckpt,gpt2-xl,8,132,2.557701,143.1
singlegpu,grad_ckpt,gpt2-xl,8,133,2.580501,143.1
singlegpu,grad_ckpt,gpt2-xl,8,134,2.589610,143.1
singlegpu,grad_ckpt,gpt2-xl,8,135,2.645338,143.1
singlegpu,grad_ckpt,gpt2-xl,8,136,2.637416,143.1
singlegpu,grad_ckpt,gpt2-xl,8,137,2.665341,143.1
singlegpu,grad_ckpt,gpt2-xl,8,138,2.588407,143.1
singlegpu,grad_ckpt,gpt2-xl,8,139,2.516330,143.1
singlegpu,grad_ckpt,gpt2-xl,8,140,2.534869,143.1
singlegpu,grad_ckpt,gpt2-xl,8,141,2.548665,143.1
singlegpu,grad_ckpt,gpt2-xl,8,142,2.564516,143.1
singlegpu,grad_ckpt,gpt2-xl,8,143,2.542951,143.1
singlegpu,grad_ckpt,gpt2-xl,8,144,2.595539,143.1
singlegpu,grad_ckpt,gpt2-xl,8,145,2.555239,143.1
singlegpu,grad_ckpt,gpt2-xl,8,146,2.606999,143.1
singlegpu,grad_ckpt,gpt2-xl,8,147,2.556060,143.1
singlegpu,grad_ckpt,gpt2-xl,8,148,2.533895,143.1
singlegpu,grad_ckpt,gpt2-xl,8,149,2.463613,143.1
singlegpu,grad_ckpt,gpt2-xl,8,150,2.569769,143.1
singlegpu,grad_ckpt,gpt2-xl,8,151,2.506149,143.1
singlegpu,grad_ckpt,gpt2-xl,8,152,2.462116,143.1
singlegpu,grad_ckpt,gpt2-xl,8,153,2.587792,143.1
singlegpu,grad_ckpt,gpt2-xl,8,154,2.484947,143.1
singlegpu,grad_ckpt,gpt2-xl,8,155,2.440610,143.1
singlegpu,grad_ckpt,gpt2-xl,8,156,2.524210,143.1
singlegpu,grad_ckpt,gpt2-xl,8,157,2.506108,143.1
singlegpu,grad_ckpt,gpt2-xl,8,158,2.526744,143.1
singlegpu,grad_ckpt,gpt2-xl,8,159,2.480516,143.1
singlegpu,grad_ckpt,gpt2-xl,8,160,2.479239,143.1
singlegpu,grad_ckpt,gpt2-xl,8,161,2.436062,143.1
singlegpu,grad_ckpt,gpt2-xl,8,162,2.525892,143.1
singlegpu,grad_ckpt,gpt2-xl,8,163,2.551423,143.1
singlegpu,grad_ckpt,gpt2-xl,8,164,2.512026,143.1
singlegpu,grad_ckpt,gpt2-xl,8,165,2.466519,143.1
singlegpu,grad_ckpt,gpt2-xl,8,166,2.494806,143.1
singlegpu,grad_ckpt,gpt2-xl,8,167,2.529811,143.1
singlegpu,grad_ckpt,gpt2-xl,8,168,2.530048,143.1
singlegpu,grad_ckpt,gpt2-xl,8,169,2.529901,143.1
singlegpu,grad_ckpt,gpt2-xl,8,170,2.512816,143.1
singlegpu,grad_ckpt,gpt2-xl,8,171,2.497457,143.1
singlegpu,grad_ckpt,gpt2-xl,8,172,2.541394,143.1
singlegpu,grad_ckpt,gpt2-xl,8,173,2.535273,143.1
singlegpu,grad_ckpt,gpt2-xl,8,174,2.531475,143.1
singlegpu,grad_ckpt,gpt2-xl,8,175,2.526046,143.1
singlegpu,grad_ckpt,gpt2-xl,8,176,2.523278,143.1
singlegpu,grad_ckpt,gpt2-xl,8,177,2.535314,143.1
singlegpu,grad_ckpt,gpt2-xl,8,178,2.522684,143.1
singlegpu,grad_ckpt,gpt2-xl,8,179,2.503552,143.1
singlegpu,grad_ckpt,gpt2-xl,8,180,2.482622,143.1
singlegpu,grad_ckpt,gpt2-xl,8,181,2.508470,143.1
singlegpu,grad_ckpt,gpt2-xl,8,182,2.474619,143.1
singlegpu,grad_ckpt,gpt2-xl,8,183,2.540489,143.1
singlegpu,grad_ckpt,gpt2-xl,8,184,2.437649,143.1
singlegpu,grad_ckpt,gpt2-xl,8,185,2.599314,143.1
singlegpu,grad_ckpt,gpt2-xl,8,186,2.533942,143.1
singlegpu,grad_ckpt,gpt2-xl,8,187,2.500270,143.1
singlegpu,grad_ckpt,gpt2-xl,8,188,2.467479,143.1
singlegpu,grad_ckpt,gpt2-xl,8,189,2.497448,143.1
singlegpu,grad_ckpt,gpt2-xl,8,190,2.469476,143.1
singlegpu,grad_ckpt,gpt2-xl,8,191,2.539105,143.1
singlegpu,grad_ckpt,gpt2-xl,8,192,2.521228,143.1
singlegpu,grad_ckpt,gpt2-xl,8,193,2.442031,143.1
singlegpu,grad_ckpt,gpt2-xl,8,194,2.527056,143.1
singlegpu,grad_ckpt,gpt2-xl,8,195,2.566276,143.1
singlegpu,grad_ckpt,gpt2-xl,8,196,2.501028,143.1
singlegpu,grad_ckpt,gpt2-xl,8,197,2.498550,143.1
singlegpu,grad_ckpt,gpt2-xl,8,198,2.485146,143.1
singlegpu,grad_ckpt,gpt2-xl,8,199,2.559092,143.1
singlegpu,grad_ckpt,gpt2-xl,8,200,2.526032,143.1
singlegpu,grad_ckpt,gpt2-xl,8,201,2.514713,143.1
singlegpu,grad_ckpt,gpt2-xl,8,202,2.525721,143.1
singlegpu,grad_ckpt,gpt2-xl,8,203,2.493115,143.1
singlegpu,grad_ckpt,gpt2-xl,8,204,2.486897,143.1
singlegpu,grad_ckpt,gpt2-xl,8,205,2.466146,143.1
singlegpu,grad_ckpt,gpt2-xl,8,206,2.508737,143.1
singlegpu,grad_ckpt,gpt2-xl,8,207,2.514527,143.1
singlegpu,grad_ckpt,gpt2-xl,8,208,2.565553,143.1
singlegpu,grad_ckpt,gpt2-xl,8,209,2.507968,143.1
singlegpu,grad_ckpt,gpt2-xl,8,210,2.481894,143.1
singlegpu,grad_ckpt,gpt2-xl,8,211,2.532685,143.1
singlegpu,grad_ckpt,gpt2-xl,8,212,2.529082,143.1
singlegpu,grad_ckpt,gpt2-xl,8,213,2.527666,143.1
singlegpu,grad_ckpt,gpt2-xl,8,214,2.522609,143.1
singlegpu,grad_ckpt,gpt2-xl,8,215,2.555846,143.1
singlegpu,grad_ckpt,gpt2-xl,8,216,2.532230,143.1
singlegpu,grad_ckpt,gpt2-xl,8,217,2.513206,143.1
singlegpu,grad_ckpt,gpt2-xl,8,218,2.492264,143.1
singlegpu,grad_ckpt,gpt2-xl,8,219,2.474861,143.1
singlegpu,grad_ckpt,gpt2-xl,8,220,2.439666,143.1
singlegpu,grad_ckpt,gpt2-xl,8,221,2.462889,143.1
singlegpu,grad_ckpt,gpt2-xl,8,222,2.472432,143.1
singlegpu,grad_ckpt,gpt2-xl,8,223,2.464278,143.2
singlegpu,grad_ckpt,gpt2-xl,8,224,2.456070,143.2
singlegpu,grad_ckpt,gpt2-xl,8,225,2.488075,143.1
singlegpu,grad_ckpt,gpt2-xl,8,226,2.446812,143.1
singlegpu,grad_ckpt,gpt2-xl,8,227,2.381252,143.1
singlegpu,grad_ckpt,gpt2-xl,8,228,2.403458,143.2
singlegpu,grad_ckpt,gpt2-xl,8,229,2.484980,143.2
singlegpu,grad_ckpt,gpt2-xl,8,230,2.497360,143.2
singlegpu,grad_ckpt,gpt2-xl,8,231,2.412813,143.2
singlegpu,grad_ckpt,gpt2-xl,8,232,2.423320,143.2
singlegpu,grad_ckpt,gpt2-xl,8,233,2.440621,143.2
singlegpu,grad_ckpt,gpt2-xl,8,234,2.415643,143.2
singlegpu,grad_ckpt,gpt2-xl,8,235,2.475019,143.2
singlegpu,grad_ckpt,gpt2-xl,8,236,2.434841,143.2
singlegpu,grad_ckpt,gpt2-xl,8,237,2.495993,143.2
singlegpu,grad_ckpt,gpt2-xl,8,238,2.445643,143.2
singlegpu,grad_ckpt,gpt2-xl,8,239,2.439781,143.2
singlegpu,grad_ckpt,gpt2-xl,8,240,2.461589,143.2
singlegpu,grad_ckpt,gpt2-xl,8,241,2.476970,143.2
singlegpu,grad_ckpt,gpt2-xl,8,242,2.463346,143.2
singlegpu,grad_ckpt,gpt2-xl,8,243,2.454272,143.2
singlegpu,grad_ckpt,gpt2-xl,8,244,2.570215,143.2
singlegpu,grad_ckpt,gpt2-xl,8,245,2.478303,143.2
singlegpu,grad_ckpt,gpt2-xl,8,246,2.425547,143.2
singlegpu,grad_ckpt,gpt2-xl,8,247,2.427614,143.2
singlegpu,grad_ckpt,gpt2-xl,8,248,2.507936,143.2
singlegpu,grad_ckpt,gpt2-xl,8,249,2.406190,143.2
singlegpu,grad_ckpt,gpt2-xl,8,250,2.479548,143.2
singlegpu,grad_ckpt,gpt2-xl,8,251,2.421399,143.2
singlegpu,grad_ckpt,gpt2-xl,8,252,2.428193,143.2
singlegpu,grad_ckpt,gpt2-xl,8,253,2.387387,143.2
singlegpu,grad_ckpt,gpt2-xl,8,254,2.414648,143.2
singlegpu,grad_ckpt,gpt2-xl,8,255,2.450729,143.2
singlegpu,grad_ckpt,gpt2-xl,8,256,2.400808,143.2
singlegpu,grad_ckpt,gpt2-xl,8,257,2.408471,143.2
singlegpu,grad_ckpt,gpt2-xl,8,258,2.474120,143.2
singlegpu,grad_ckpt,gpt2-xl,8,259,2.436865,143.2
singlegpu,grad_ckpt,gpt2-xl,8,260,2.429743,143.2
singlegpu,grad_ckpt,gpt2-xl,8,261,2.441382,143.2
singlegpu,grad_ckpt,gpt2-xl,8,262,2.358696,143.2
singlegpu,grad_ckpt,gpt2-xl,8,263,2.413626,143.2
singlegpu,grad_ckpt,gpt2-xl,8,264,2.383448,143.2
singlegpu,grad_ckpt,gpt2-xl,8,265,2.447115,143.2
singlegpu,grad_ckpt,gpt2-xl,8,266,2.412580,143.2
singlegpu,grad_ckpt,gpt2-xl,8,267,2.392140,143.2
singlegpu,grad_ckpt,gpt2-xl,8,268,2.424920,143.2
singlegpu,grad_ckpt,gpt2-xl,8,269,2.423271,143.2
singlegpu,grad_ckpt,gpt2-xl,8,270,2.424836,143.2
singlegpu,grad_ckpt,gpt2-xl,8,271,2.455937,143.2
singlegpu,grad_ckpt,gpt2-xl,8,272,2.445145,143.2
singlegpu,grad_ckpt,gpt2-xl,8,273,2.447720,143.2
singlegpu,grad_ckpt,gpt2-xl,8,274,2.489385,143.2
singlegpu,grad_ckpt,gpt2-xl,8,275,2.380112,143.2
singlegpu,grad_ckpt,gpt2-xl,8,276,2.405399,143.2
singlegpu,grad_ckpt,gpt2-xl,8,277,2.399846,143.2
singlegpu,grad_ckpt,gpt2-xl,8,278,2.430948,143.2
singlegpu,grad_ckpt,gpt2-xl,8,279,2.393671,143.2
singlegpu,grad_ckpt,gpt2-xl,8,280,2.433568,143.2
singlegpu,grad_ckpt,gpt2-xl,8,281,2.449813,143.2
singlegpu,grad_ckpt,gpt2-xl,8,282,2.408894,143.2
singlegpu,grad_ckpt,gpt2-xl,8,283,2.416677,143.2
singlegpu,grad_ckpt,gpt2-xl,8,284,2.520179,143.2
singlegpu,grad_ckpt,gpt2-xl,8,285,2.402994,143.2
singlegpu,grad_ckpt,gpt2-xl,8,286,2.462989,143.2
singlegpu,grad_ckpt,gpt2-xl,8,287,2.422462,143.2
singlegpu,grad_ckpt,gpt2-xl,8,288,2.403923,143.2
singlegpu,grad_ckpt,gpt2-xl,8,289,2.420571,143.2
singlegpu,grad_ckpt,gpt2-xl,8,290,2.440790,143.2
singlegpu,grad_ckpt,gpt2-xl,8,291,2.457825,143.2
singlegpu,grad_ckpt,gpt2-xl,8,292,2.363707,143.2
singlegpu,grad_ckpt,gpt2-xl,8,293,2.378828,143.2
singlegpu,grad_ckpt,gpt2-xl,8,294,2.360170,143.2
singlegpu,grad_ckpt,gpt2-xl,8,295,2.370366,143.2
singlegpu,grad_ckpt,gpt2-xl,8,296,2.399162,143.2
singlegpu,grad_ckpt,gpt2-xl,8,297,2.336096,143.2
singlegpu,grad_ckpt,gpt2-xl,8,298,2.381102,143.2
singlegpu,grad_ckpt,gpt2-xl,8,299,2.349651,143.2
singlegpu,grad_ckpt,gpt2-xl,8,300,2.383831,143.2
torchpp,1f1b,gpt2-xl,8,1,3.120604,0.0
torchpp,1f1b,gpt2-xl,8,2,3.084633,0.0
torchpp,1f1b,gpt2-xl,8,3,3.063475,0.0
torchpp,1f1b,gpt2-xl,8,4,3.138064,1885.8
torchpp,1f1b,gpt2-xl,8,5,2.958183,1888.7
torchpp,1f1b,gpt2-xl,8,6,2.893770,1888.0
torchpp,1f1b,gpt2-xl,8,7,3.006193,1885.3
torchpp,1f1b,gpt2-xl,8,8,2.753235,1883.0
torchpp,1f1b,gpt2-xl,8,9,2.969924,1881.3
torchpp,1f1b,gpt2-xl,8,10,2.775141,1879.3
torchpp,1f1b,gpt2-xl,8,11,2.829510,1877.6
torchpp,1f1b,gpt2-xl,8,12,2.740587,1875.8
torchpp,1f1b,gpt2-xl,8,13,2.844398,1873.2
torchpp,1f1b,gpt2-xl,8,14,2.839120,1872.2
torchpp,1f1b,gpt2-xl,8,15,2.851992,1870.1
torchpp,1f1b,gpt2-xl,8,16,2.798402,1868.6
torchpp,1f1b,gpt2-xl,8,17,2.903898,1866.3
torchpp,1f1b,gpt2-xl,8,18,2.755669,1864.4
torchpp,1f1b,gpt2-xl,8,19,2.717265,1862.6
torchpp,1f1b,gpt2-xl,8,20,2.817796,1860.9
torchpp,1f1b,gpt2-xl,8,21,2.762189,1858.5
torchpp,1f1b,gpt2-xl,8,22,2.921858,1857.1
torchpp,1f1b,gpt2-xl,8,23,2.772338,1856.4
torchpp,1f1b,gpt2-xl,8,24,2.778655,1855.3
torchpp,1f1b,gpt2-xl,8,25,2.750254,1854.3
torchpp,1f1b,gpt2-xl,8,26,2.597833,1853.4
torchpp,1f1b,gpt2-xl,8,27,2.716459,1852.5
torchpp,1f1b,gpt2-xl,8,28,2.707784,1851.9
torchpp,1f1b,gpt2-xl,8,29,2.761937,1851.2
torchpp,1f1b,gpt2-xl,8,30,2.791575,1850.6
torchpp,1f1b,gpt2-xl,8,31,2.987788,1850.0
torchpp,1f1b,gpt2-xl,8,32,3.000939,1849.4
torchpp,1f1b,gpt2-xl,8,33,2.608806,1848.9
torchpp,1f1b,gpt2-xl,8,34,2.727951,1848.3
torchpp,1f1b,gpt2-xl,8,35,2.683219,1847.9
torchpp,1f1b,gpt2-xl,8,36,2.573591,1847.2
torchpp,1f1b,gpt2-xl,8,37,2.772021,1846.7
torchpp,1f1b,gpt2-xl,8,38,2.576260,1846.3
torchpp,1f1b,gpt2-xl,8,39,2.978447,1845.6
torchpp,1f1b,gpt2-xl,8,40,2.686426,1845.1
torchpp,1f1b,gpt2-xl,8,41,2.757878,1844.5
torchpp,1f1b,gpt2-xl,8,42,2.850216,1843.8
torchpp,1f1b,gpt2-xl,8,43,2.973687,1843.1
torchpp,1f1b,gpt2-xl,8,44,2.782519,1842.6
torchpp,1f1b,gpt2-xl,8,45,2.666201,1842.0
torchpp,1f1b,gpt2-xl,8,46,2.935734,1841.4
torchpp,1f1b,gpt2-xl,8,47,2.812521,1840.8
torchpp,1f1b,gpt2-xl,8,48,2.661219,1840.2
torchpp,1f1b,gpt2-xl,8,49,2.689580,1839.5
torchpp,1f1b,gpt2-xl,8,50,3.024287,1838.7
torchpp,1f1b,gpt2-xl,8,51,2.734209,1837.8
torchpp,1f1b,gpt2-xl,8,52,2.662324,1837.0
torchpp,1f1b,gpt2-xl,8,53,2.679927,1836.1
torchpp,1f1b,gpt2-xl,8,54,2.843373,1835.3
torchpp,1f1b,gpt2-xl,8,55,2.807816,1834.4
torchpp,1f1b,gpt2-xl,8,56,2.720442,1833.6
torchpp,1f1b,gpt2-xl,8,57,2.932541,1832.7
torchpp,1f1b,gpt2-xl,8,58,2.503711,1831.8
torchpp,1f1b,gpt2-xl,8,59,2.883446,1831.0
torchpp,1f1b,gpt2-xl,8,60,2.562885,1830.1
torchpp,1f1b,gpt2-xl,8,61,2.802580,1829.3
torchpp,1f1b,gpt2-xl,8,62,2.641955,1828.4
torchpp,1f1b,gpt2-xl,8,63,2.612562,1827.6
torchpp,1f1b,gpt2-xl,8,64,2.920983,1826.8
torchpp,1f1b,gpt2-xl,8,65,2.758689,1825.9
torchpp,1f1b,gpt2-xl,8,66,2.788481,1824.9
torchpp,1f1b,gpt2-xl,8,67,2.691784,1824.2
torchpp,1f1b,gpt2-xl,8,68,2.663913,1823.4
torchpp,1f1b,gpt2-xl,8,69,2.668389,1822.7
torchpp,1f1b,gpt2-xl,8,70,2.920991,1822.0
torchpp,1f1b,gpt2-xl,8,71,2.718504,1821.4
torchpp,1f1b,gpt2-xl,8,72,2.692096,1820.8
torchpp,1f1b,gpt2-xl,8,73,2.542599,1820.2
torchpp,1f1b,gpt2-xl,8,74,2.790697,1819.5
torchpp,1f1b,gpt2-xl,8,75,2.871851,1819.0
torchpp,1f1b,gpt2-xl,8,76,2.541932,1818.3
torchpp,1f1b,gpt2-xl,8,77,2.955636,1817.7
torchpp,1f1b,gpt2-xl,8,78,2.604118,1817.1
torchpp,1f1b,gpt2-xl,8,79,2.841755,1816.5
torchpp,1f1b,gpt2-xl,8,80,2.709692,1816.0
torchpp,1f1b,gpt2-xl,8,81,2.793496,1815.3
torchpp,1f1b,gpt2-xl,8,82,2.862206,1814.7
torchpp,1f1b,gpt2-xl,8,83,2.721144,1814.1
torchpp,1f1b,gpt2-xl,8,84,2.800674,1813.6
torchpp,1f1b,gpt2-xl,8,85,2.777431,1813.0
torchpp,1f1b,gpt2-xl,8,86,2.794608,1812.4
torchpp,1f1b,gpt2-xl,8,87,2.702758,1811.8
torchpp,1f1b,gpt2-xl,8,88,2.768817,1811.2
torchpp,1f1b,gpt2-xl,8,89,2.636799,1810.6
torchpp,1f1b,gpt2-xl,8,90,2.853111,1810.0
torchpp,1f1b,gpt2-xl,8,91,2.766255,1809.5
torchpp,1f1b,gpt2-xl,8,92,2.883872,1808.8
torchpp,1f1b,gpt2-xl,8,93,2.682867,1808.4
torchpp,1f1b,gpt2-xl,8,94,2.782156,1807.8
torchpp,1f1b,gpt2-xl,8,95,2.621334,1807.3
torchpp,1f1b,gpt2-xl,8,96,2.592183,1806.5
torchpp,1f1b,gpt2-xl,8,97,2.799468,1806.0
torchpp,1f1b,gpt2-xl,8,98,2.728111,1805.5
torchpp,1f1b,gpt2-xl,8,99,2.698478,1805.1
torchpp,1f1b,gpt2-xl,8,100,2.648709,1804.6
torchpp,1f1b,gpt2-xl,8,101,2.659203,1804.2
torchpp,1f1b,gpt2-xl,8,102,2.650055,1803.6
torchpp,1f1b,gpt2-xl,8,103,2.869211,1803.1
torchpp,1f1b,gpt2-xl,8,104,2.595874,1802.6
torchpp,1f1b,gpt2-xl,8,105,2.615528,1802.0
torchpp,1f1b,gpt2-xl,8,106,2.678903,1801.8
torchpp,1f1b,gpt2-xl,8,107,2.802398,1801.3
torchpp,1f1b,gpt2-xl,8,108,2.796086,1800.9
torchpp,1f1b,gpt2-xl,8,109,2.827149,1800.4
torchpp,1f1b,gpt2-xl,8,110,2.593704,1799.9
torchpp,1f1b,gpt2-xl,8,111,2.885599,1799.5
torchpp,1f1b,gpt2-xl,8,112,2.772575,1799.1
torchpp,1f1b,gpt2-xl,8,113,2.660245,1798.6
torchpp,1f1b,gpt2-xl,8,114,2.713872,1798.1
torchpp,1f1b,gpt2-xl,8,115,2.763581,1797.7
torchpp,1f1b,gpt2-xl,8,116,2.756645,1797.3
torchpp,1f1b,gpt2-xl,8,117,2.608442,1796.9
torchpp,1f1b,gpt2-xl,8,118,2.855790,1796.4
torchpp,1f1b,gpt2-xl,8,119,2.687433,1796.0
torchpp,1f1b,gpt2-xl,8,120,2.526477,1795.6
torchpp,1f1b,gpt2-xl,8,121,2.558325,1795.0
torchpp,1f1b,gpt2-xl,8,122,2.819477,1794.7
torchpp,1f1b,gpt2-xl,8,123,2.675027,1794.2
torchpp,1f1b,gpt2-xl,8,124,2.762618,1793.7
torchpp,1f1b,gpt2-xl,8,125,2.683456,1793.3
torchpp,1f1b,gpt2-xl,8,126,2.690395,1792.9
torchpp,1f1b,gpt2-xl,8,127,2.670794,1792.5
torchpp,1f1b,gpt2-xl,8,128,2.726918,1792.1
torchpp,1f1b,gpt2-xl,8,129,2.613973,1791.7
torchpp,1f1b,gpt2-xl,8,130,2.682804,1791.2
torchpp,1f1b,gpt2-xl,8,131,2.574628,1790.8
torchpp,1f1b,gpt2-xl,8,132,2.681602,1790.4
torchpp,1f1b,gpt2-xl,8,133,2.723105,1790.0
torchpp,1f1b,gpt2-xl,8,134,2.935792,1789.6
torchpp,1f1b,gpt2-xl,8,135,3.090429,1789.2
torchpp,1f1b,gpt2-xl,8,136,2.805380,1788.9
torchpp,1f1b,gpt2-xl,8,137,2.818491,1788.5
torchpp,1f1b,gpt2-xl,8,138,2.579532,1788.1
torchpp,1f1b,gpt2-xl,8,139,2.592420,1787.7
torchpp,1f1b,gpt2-xl,8,140,2.929906,1787.3
torchpp,1f1b,gpt2-xl,8,141,2.784886,1786.9
torchpp,1f1b,gpt2-xl,8,142,2.433000,1786.6
torchpp,1f1b,gpt2-xl,8,143,2.764713,1786.3
torchpp,1f1b,gpt2-xl,8,144,2.508534,1785.9
torchpp,1f1b,gpt2-xl,8,145,2.526168,1785.6
torchpp,1f1b,gpt2-xl,8,146,2.664392,1785.2
torchpp,1f1b,gpt2-xl,8,147,2.678417,1784.8
torchpp,1f1b,gpt2-xl,8,148,2.421128,1784.5
torchpp,1f1b,gpt2-xl,8,149,2.660052,1784.1
torchpp,1f1b,gpt2-xl,8,150,2.800200,1783.8
torchpp,1f1b,gpt2-xl,8,151,2.646551,1783.4
torchpp,1f1b,gpt2-xl,8,152,2.615866,1783.0
torchpp,1f1b,gpt2-xl,8,153,2.669577,1782.7
torchpp,1f1b,gpt2-xl,8,154,2.731049,1782.3
torchpp,1f1b,gpt2-xl,8,155,2.690579,1782.0
torchpp,1f1b,gpt2-xl,8,156,2.591246,1781.5
torchpp,1f1b,gpt2-xl,8,157,2.676057,1781.2
torchpp,1f1b,gpt2-xl,8,158,2.768561,1780.9
torchpp,1f1b,gpt2-xl,8,159,2.757350,1780.6
torchpp,1f1b,gpt2-xl,8,160,2.468939,1780.2
torchpp,1f1b,gpt2-xl,8,161,2.722225,1779.9
torchpp,1f1b,gpt2-xl,8,162,2.499681,1779.6
torchpp,1f1b,gpt2-xl,8,163,2.747319,1779.3
torchpp,1f1b,gpt2-xl,8,164,2.866971,1779.0
torchpp,1f1b,gpt2-xl,8,165,2.724854,1778.7
torchpp,1f1b,gpt2-xl,8,166,2.643081,1778.4
torchpp,1f1b,gpt2-xl,8,167,2.680718,1778.1
torchpp,1f1b,gpt2-xl,8,168,2.713224,1777.8
torchpp,1f1b,gpt2-xl,8,169,2.614128,1777.5
torchpp,1f1b,gpt2-xl,8,170,2.832513,1777.2
torchpp,1f1b,gpt2-xl,8,171,2.647095,1776.9
torchpp,1f1b,gpt2-xl,8,172,2.793270,1776.6
torchpp,1f1b,gpt2-xl,8,173,2.606616,1776.3
torchpp,1f1b,gpt2-xl,8,174,2.609164,1776.0
torchpp,1f1b,gpt2-xl,8,175,2.684405,1775.7
torchpp,1f1b,gpt2-xl,8,176,2.727884,1775.4
torchpp,1f1b,gpt2-xl,8,177,2.676210,1775.1
torchpp,1f1b,gpt2-xl,8,178,2.534064,1774.8
torchpp,1f1b,gpt2-xl,8,179,2.561034,1774.6
torchpp,1f1b,gpt2-xl,8,180,2.839391,1774.3
torchpp,1f1b,gpt2-xl,8,181,2.841287,1774.1
torchpp,1f1b,gpt2-xl,8,182,2.695541,1773.8
torchpp,1f1b,gpt2-xl,8,183,2.829170,1773.5
torchpp,1f1b,gpt2-xl,8,184,2.831467,1773.3
torchpp,1f1b,gpt2-xl,8,185,2.529332,1773.0
torchpp,1f1b,gpt2-xl,8,186,2.544743,1772.7
torchpp,1f1b,gpt2-xl,8,187,2.676058,1772.4
torchpp,1f1b,gpt2-xl,8,188,2.854851,1772.2
torchpp,1f1b,gpt2-xl,8,189,2.592192,1771.9
torchpp,1f1b,gpt2-xl,8,190,2.682996,1771.6
torchpp,1f1b,gpt2-xl,8,191,2.799049,1771.3
torchpp,1f1b,gpt2-xl,8,192,2.632996,1771.1
torchpp,1f1b,gpt2-xl,8,193,2.659818,1770.8
torchpp,1f1b,gpt2-xl,8,194,2.619251,1770.5
torchpp,1f1b,gpt2-xl,8,195,2.733340,1770.3
torchpp,1f1b,gpt2-xl,8,196,2.806626,1770.0
torchpp,1f1b,gpt2-xl,8,197,2.506743,1769.7
torchpp,1f1b,gpt2-xl,8,198,2.597529,1769.5
torchpp,1f1b,gpt2-xl,8,199,2.694736,1769.3
torchpp,1f1b,gpt2-xl,8,200,2.706749,1769.1
torchpp,1f1b,gpt2-xl,8,201,2.794601,1768.9
torchpp,1f1b,gpt2-xl,8,202,2.714099,1768.7
torchpp,1f1b,gpt2-xl,8,203,2.510089,1768.6
torchpp,1f1b,gpt2-xl,8,204,2.586321,1768.5
torchpp,1f1b,gpt2-xl,8,205,2.561020,1768.3
torchpp,1f1b,gpt2-xl,8,206,2.625980,1768.2
torchpp,1f1b,gpt2-xl,8,207,2.871633,1768.1
torchpp,1f1b,gpt2-xl,8,208,2.645692,1767.9
torchpp,1f1b,gpt2-xl,8,209,2.625170,1767.8
torchpp,1f1b,gpt2-xl,8,210,2.537722,1767.7
torchpp,1f1b,gpt2-xl,8,211,2.762675,1767.5
torchpp,1f1b,gpt2-xl,8,212,2.909157,1767.4
torchpp,1f1b,gpt2-xl,8,213,2.506720,1767.3
torchpp,1f1b,gpt2-xl,8,214,2.845154,1767.2
torchpp,1f1b,gpt2-xl,8,215,2.812624,1767.0
torchpp,1f1b,gpt2-xl,8,216,2.756567,1766.8
torchpp,1f1b,gpt2-xl,8,217,2.650397,1766.6
torchpp,1f1b,gpt2-xl,8,218,2.702082,1766.5
torchpp,1f1b,gpt2-xl,8,219,2.675241,1766.3
torchpp,1f1b,gpt2-xl,8,220,2.496028,1766.1
torchpp,1f1b,gpt2-xl,8,221,2.733702,1766.0
torchpp,1f1b,gpt2-xl,8,222,2.820846,1765.8
torchpp,1f1b,gpt2-xl,8,223,2.726038,1765.6
torchpp,1f1b,gpt2-xl,8,224,2.589189,1765.4
torchpp,1f1b,gpt2-xl,8,225,2.527625,1765.3
torchpp,1f1b,gpt2-xl,8,226,2.848690,1765.1
torchpp,1f1b,gpt2-xl,8,227,2.804178,1764.9
torchpp,1f1b,gpt2-xl,8,228,2.888787,1764.8
torchpp,1f1b,gpt2-xl,8,229,2.783056,1764.6
torchpp,1f1b,gpt2-xl,8,230,2.581604,1764.4
torchpp,1f1b,gpt2-xl,8,231,2.694049,1764.3
torchpp,1f1b,gpt2-xl,8,232,2.782102,1764.1
torchpp,1f1b,gpt2-xl,8,233,2.682732,1763.9
torchpp,1f1b,gpt2-xl,8,234,2.769732,1763.7
torchpp,1f1b,gpt2-xl,8,235,2.569304,1763.6
torchpp,1f1b,gpt2-xl,8,236,2.680934,1763.5
torchpp,1f1b,gpt2-xl,8,237,2.698617,1763.3
torchpp,1f1b,gpt2-xl,8,238,2.737883,1763.2
torchpp,1f1b,gpt2-xl,8,239,2.624850,1763.0
torchpp,1f1b,gpt2-xl,8,240,2.565861,1762.9
torchpp,1f1b,gpt2-xl,8,241,2.758572,1762.8
torchpp,1f1b,gpt2-xl,8,242,2.676789,1762.6
torchpp,1f1b,gpt2-xl,8,243,2.771006,1762.5
torchpp,1f1b,gpt2-xl,8,244,2.694544,1762.4
torchpp,1f1b,gpt2-xl,8,245,2.619653,1762.2
torchpp,1f1b,gpt2-xl,8,246,2.665336,1762.1
torchpp,1f1b,gpt2-xl,8,247,2.948036,1761.9
torchpp,1f1b,gpt2-xl,8,248,2.662536,1761.8
torchpp,1f1b,gpt2-xl,8,249,2.760159,1761.7
torchpp,1f1b,gpt2-xl,8,250,2.796693,1761.5
torchpp,1f1b,gpt2-xl,8,251,2.968769,1761.4
torchpp,1f1b,gpt2-xl,8,252,2.643146,1761.2
torchpp,1f1b,gpt2-xl,8,253,2.828066,1761.1
torchpp,1f1b,gpt2-xl,8,254,2.573239,1760.9
torchpp,1f1b,gpt2-xl,8,255,2.689161,1760.8
torchpp,1f1b,gpt2-xl,8,256,2.780281,1760.6
torchpp,1f1b,gpt2-xl,8,257,2.513244,1760.5
torchpp,1f1b,gpt2-xl,8,258,2.584869,1760.4
torchpp,1f1b,gpt2-xl,8,259,2.646039,1760.2
torchpp,1f1b,gpt2-xl,8,260,2.670773,1760.2
torchpp,1f1b,gpt2-xl,8,261,2.663060,1760.0
torchpp,1f1b,gpt2-xl,8,262,2.648721,1760.0
torchpp,1f1b,gpt2-xl,8,263,2.825046,1759.9
torchpp,1f1b,gpt2-xl,8,264,2.627315,1759.8
torchpp,1f1b,gpt2-xl,8,265,2.689808,1759.7
torchpp,1f1b,gpt2-xl,8,266,2.520844,1759.7
torchpp,1f1b,gpt2-xl,8,267,2.659251,1759.6
torchpp,1f1b,gpt2-xl,8,268,2.744043,1759.5
torchpp,1f1b,gpt2-xl,8,269,2.573327,1759.5
torchpp,1f1b,gpt2-xl,8,270,2.665346,1759.4
torchpp,1f1b,gpt2-xl,8,271,2.689651,1759.3
torchpp,1f1b,gpt2-xl,8,272,2.785312,1759.2
torchpp,1f1b,gpt2-xl,8,273,2.589139,1759.2
torchpp,1f1b,gpt2-xl,8,274,2.767158,1759.1
torchpp,1f1b,gpt2-xl,8,275,2.718784,1759.0
torchpp,1f1b,gpt2-xl,8,276,2.585435,1758.9
torchpp,1f1b,gpt2-xl,8,277,2.698158,1758.8
torchpp,1f1b,gpt2-xl,8,278,2.634415,1758.7
torchpp,1f1b,gpt2-xl,8,279,2.608159,1758.5
torchpp,1f1b,gpt2-xl,8,280,2.600523,1758.4
torchpp,1f1b,gpt2-xl,8,281,2.573887,1758.3
torchpp,1f1b,gpt2-xl,8,282,2.567345,1758.2
torchpp,1f1b,gpt2-xl,8,283,2.826524,1758.1
torchpp,1f1b,gpt2-xl,8,284,2.493519,1758.0
torchpp,1f1b,gpt2-xl,8,285,2.686366,1757.8
torchpp,1f1b,gpt2-xl,8,286,2.874694,1757.7
torchpp,1f1b,gpt2-xl,8,287,2.591766,1757.6
torchpp,1f1b,gpt2-xl,8,288,2.772843,1757.5
torchpp,1f1b,gpt2-xl,8,289,2.686655,1757.4
torchpp,1f1b,gpt2-xl,8,290,2.826837,1757.3
torchpp,1f1b,gpt2-xl,8,291,2.431169,1757.1
torchpp,1f1b,gpt2-xl,8,292,2.649578,1757.1
torchpp,1f1b,gpt2-xl,8,293,2.660252,1757.0
torchpp,1f1b,gpt2-xl,8,294,2.511427,1756.9
torchpp,1f1b,gpt2-xl,8,295,2.699856,1756.8
torchpp,1f1b,gpt2-xl,8,296,2.721218,1756.7
torchpp,1f1b,gpt2-xl,8,297,2.714625,1756.6
torchpp,1f1b,gpt2-xl,8,298,2.662178,1756.5
torchpp,1f1b,gpt2-xl,8,299,2.494640,1756.4
torchpp,1f1b,gpt2-xl,8,300,2.650208,1756.3
deepspeed,1f1b,gpt2-xl,8,1,3.133384,0.0
deepspeed,1f1b,gpt2-xl,8,2,3.151538,0.0
deepspeed,1f1b,gpt2-xl,8,3,3.141323,0.0
deepspeed,1f1b,gpt2-xl,8,4,3.236372,1692.8
deepspeed,1f1b,gpt2-xl,8,5,3.043079,1688.5
deepspeed,1f1b,gpt2-xl,8,6,2.977030,1686.4
deepspeed,1f1b,gpt2-xl,8,7,3.083237,1684.6
deepspeed,1f1b,gpt2-xl,8,8,2.847005,1683.2
deepspeed,1f1b,gpt2-xl,8,9,3.047438,1681.1
deepspeed,1f1b,gpt2-xl,8,10,2.854756,1679.0
deepspeed,1f1b,gpt2-xl,8,11,2.901082,1676.2
deepspeed,1f1b,gpt2-xl,8,12,2.839936,1673.3
deepspeed,1f1b,gpt2-xl,8,13,2.918551,1670.4
deepspeed,1f1b,gpt2-xl,8,14,2.912470,1667.6
deepspeed,1f1b,gpt2-xl,8,15,2.932254,1665.9
deepspeed,1f1b,gpt2-xl,8,16,2.870902,1663.2
deepspeed,1f1b,gpt2-xl,8,17,2.980663,1661.1
deepspeed,1f1b,gpt2-xl,8,18,2.847950,1658.9
deepspeed,1f1b,gpt2-xl,8,19,2.792668,1657.0
deepspeed,1f1b,gpt2-xl,8,20,2.898797,1655.5
deepspeed,1f1b,gpt2-xl,8,21,2.852764,1654.5
deepspeed,1f1b,gpt2-xl,8,22,2.988028,1653.9
deepspeed,1f1b,gpt2-xl,8,23,2.850862,1653.7
deepspeed,1f1b,gpt2-xl,8,24,2.848255,1653.5
deepspeed,1f1b,gpt2-xl,8,25,2.816244,1653.7
deepspeed,1f1b,gpt2-xl,8,26,2.682000,1653.8
deepspeed,1f1b,gpt2-xl,8,27,2.800509,1654.2
deepspeed,1f1b,gpt2-xl,8,28,2.794763,1654.6
deepspeed,1f1b,gpt2-xl,8,29,2.805934,1655.2
deepspeed,1f1b,gpt2-xl,8,30,2.874060,1655.8
deepspeed,1f1b,gpt2-xl,8,31,3.051973,1656.5
deepspeed,1f1b,gpt2-xl,8,32,3.082268,1657.1
deepspeed,1f1b,gpt2-xl,8,33,2.669422,1657.5
deepspeed,1f1b,gpt2-xl,8,34,2.788541,1658.1
deepspeed,1f1b,gpt2-xl,8,35,2.732703,1658.7
deepspeed,1f1b,gpt2-xl,8,36,2.634559,1659.4
deepspeed,1f1b,gpt2-xl,8,37,2.819930,1659.9
deepspeed,1f1b,gpt2-xl,8,38,2.663042,1660.5
deepspeed,1f1b,gpt2-xl,8,39,3.036508,1660.9
deepspeed,1f1b,gpt2-xl,8,40,2.745191,1661.3
deepspeed,1f1b,gpt2-xl,8,41,2.808653,1661.8
deepspeed,1f1b,gpt2-xl,8,42,2.905500,1662.1
deepspeed,1f1b,gpt2-xl,8,43,3.033591,1662.4
deepspeed,1f1b,gpt2-xl,8,44,2.842969,1662.8
deepspeed,1f1b,gpt2-xl,8,45,2.736410,1663.1
deepspeed,1f1b,gpt2-xl,8,46,2.975925,1663.3
deepspeed,1f1b,gpt2-xl,8,47,2.881202,1663.4
deepspeed,1f1b,gpt2-xl,8,48,2.723398,1663.6
deepspeed,1f1b,gpt2-xl,8,49,2.759429,1663.8
deepspeed,1f1b,gpt2-xl,8,50,3.088341,1663.9
deepspeed,1f1b,gpt2-xl,8,51,2.789473,1663.9
deepspeed,1f1b,gpt2-xl,8,52,2.713031,1663.9
deepspeed,1f1b,gpt2-xl,8,53,2.769347,1663.8
deepspeed,1f1b,gpt2-xl,8,54,2.910916,1663.7
deepspeed,1f1b,gpt2-xl,8,55,2.868037,1663.4
deepspeed,1f1b,gpt2-xl,8,56,2.764485,1663.3
deepspeed,1f1b,gpt2-xl,8,57,2.986512,1663.2
deepspeed,1f1b,gpt2-xl,8,58,2.558668,1663.2
deepspeed,1f1b,gpt2-xl,8,59,2.942845,1663.1
deepspeed,1f1b,gpt2-xl,8,60,2.640041,1663.0
deepspeed,1f1b,gpt2-xl,8,61,2.867598,1663.0
deepspeed,1f1b,gpt2-xl,8,62,2.699317,1663.0
deepspeed,1f1b,gpt2-xl,8,63,2.671639,1663.0
deepspeed,1f1b,gpt2-xl,8,64,3.009787,1663.1
deepspeed,1f1b,gpt2-xl,8,65,2.824239,1663.1
deepspeed,1f1b,gpt2-xl,8,66,2.845348,1663.2
deepspeed,1f1b,gpt2-xl,8,67,2.747014,1663.3
deepspeed,1f1b,gpt2-xl,8,68,2.699623,1663.4
deepspeed,1f1b,gpt2-xl,8,69,2.738061,1663.5
deepspeed,1f1b,gpt2-xl,8,70,2.981190,1663.7
deepspeed,1f1b,gpt2-xl,8,71,2.805341,1663.8
deepspeed,1f1b,gpt2-xl,8,72,2.757623,1663.9
deepspeed,1f1b,gpt2-xl,8,73,2.602797,1664.1
deepspeed,1f1b,gpt2-xl,8,74,2.849313,1664.3
deepspeed,1f1b,gpt2-xl,8,75,2.937057,1664.4
deepspeed,1f1b,gpt2-xl,8,76,2.622784,1664.6
deepspeed,1f1b,gpt2-xl,8,77,3.002508,1664.6
deepspeed,1f1b,gpt2-xl,8,78,2.657591,1664.6
deepspeed,1f1b,gpt2-xl,8,79,2.881172,1664.7
deepspeed,1f1b,gpt2-xl,8,80,2.739492,1664.8
deepspeed,1f1b,gpt2-xl,8,81,2.857857,1664.8
deepspeed,1f1b,gpt2-xl,8,82,2.914776,1664.8
deepspeed,1f1b,gpt2-xl,8,83,2.777549,1664.8
deepspeed,1f1b,gpt2-xl,8,84,2.862981,1664.9
deepspeed,1f1b,gpt2-xl,8,85,2.842293,1664.9
deepspeed,1f1b,gpt2-xl,8,86,2.849499,1665.0
deepspeed,1f1b,gpt2-xl,8,87,2.760668,1665.0
deepspeed,1f1b,gpt2-xl,8,88,2.830695,1665.0
deepspeed,1f1b,gpt2-xl,8,89,2.685297,1664.9
deepspeed,1f1b,gpt2-xl,8,90,2.917155,1664.9
deepspeed,1f1b,gpt2-xl,8,91,2.857231,1664.9
deepspeed,1f1b,gpt2-xl,8,92,2.942755,1664.9
deepspeed,1f1b,gpt2-xl,8,93,2.759108,1664.8
deepspeed,1f1b,gpt2-xl,8,94,2.846393,1664.8
deepspeed,1f1b,gpt2-xl,8,95,2.694701,1664.9
deepspeed,1f1b,gpt2-xl,8,96,2.669176,1664.9
deepspeed,1f1b,gpt2-xl,8,97,2.874577,1664.9
deepspeed,1f1b,gpt2-xl,8,98,2.782287,1664.9
deepspeed,1f1b,gpt2-xl,8,99,2.785590,1664.9
deepspeed,1f1b,gpt2-xl,8,100,2.720277,1664.9
deepspeed,1f1b,gpt2-xl,8,101,2.732832,1664.9
deepspeed,1f1b,gpt2-xl,8,102,2.728800,1664.9
deepspeed,1f1b,gpt2-xl,8,103,2.922439,1664.9
deepspeed,1f1b,gpt2-xl,8,104,2.671863,1665.0
deepspeed,1f1b,gpt2-xl,8,105,2.688239,1665.0
deepspeed,1f1b,gpt2-xl,8,106,2.767495,1665.0
deepspeed,1f1b,gpt2-xl,8,107,2.882716,1665.0
deepspeed,1f1b,gpt2-xl,8,108,2.850026,1665.0
deepspeed,1f1b,gpt2-xl,8,109,2.893646,1665.0
deepspeed,1f1b,gpt2-xl,8,110,2.645837,1665.0
deepspeed,1f1b,gpt2-xl,8,111,2.941427,1665.0
deepspeed,1f1b,gpt2-xl,8,112,2.852553,1665.0
deepspeed,1f1b,gpt2-xl,8,113,2.729242,1664.9
deepspeed,1f1b,gpt2-xl,8,114,2.780165,1664.9
deepspeed,1f1b,gpt2-xl,8,115,2.849437,1664.9
deepspeed,1f1b,gpt2-xl,8,116,2.798005,1664.8
deepspeed,1f1b,gpt2-xl,8,117,2.666256,1664.8
deepspeed,1f1b,gpt2-xl,8,118,2.923370,1664.8
deepspeed,1f1b,gpt2-xl,8,119,2.777323,1664.9
deepspeed,1f1b,gpt2-xl,8,120,2.602344,1664.9
deepspeed,1f1b,gpt2-xl,8,121,2.623070,1665.0
deepspeed,1f1b,gpt2-xl,8,122,2.864465,1665.1
deepspeed,1f1b,gpt2-xl,8,123,2.751561,1665.2
deepspeed,1f1b,gpt2-xl,8,124,2.827296,1665.2
deepspeed,1f1b,gpt2-xl,8,125,2.758674,1665.3
deepspeed,1f1b,gpt2-xl,8,126,2.751054,1665.4
deepspeed,1f1b,gpt2-xl,8,127,2.750665,1665.4
deepspeed,1f1b,gpt2-xl,8,128,2.806435,1665.5
deepspeed,1f1b,gpt2-xl,8,129,2.686888,1665.5
deepspeed,1f1b,gpt2-xl,8,130,2.777234,1665.6
deepspeed,1f1b,gpt2-xl,8,131,2.642659,1665.6
deepspeed,1f1b,gpt2-xl,8,132,2.786908,1665.6
deepspeed,1f1b,gpt2-xl,8,133,2.814003,1665.6
deepspeed,1f1b,gpt2-xl,8,134,3.005006,1665.6
deepspeed,1f1b,gpt2-xl,8,135,3.177375,1665.6
deepspeed,1f1b,gpt2-xl,8,136,2.895567,1665.6
deepspeed,1f1b,gpt2-xl,8,137,2.905795,1665.6
deepspeed,1f1b,gpt2-xl,8,138,2.671775,1665.6
deepspeed,1f1b,gpt2-xl,8,139,2.681265,1665.6
deepspeed,1f1b,gpt2-xl,8,140,3.041245,1665.6
deepspeed,1f1b,gpt2-xl,8,141,2.847258,1665.6
deepspeed,1f1b,gpt2-xl,8,142,2.506156,1665.6
deepspeed,1f1b,gpt2-xl,8,143,2.861468,1665.6
deepspeed,1f1b,gpt2-xl,8,144,2.587079,1665.6
deepspeed,1f1b,gpt2-xl,8,145,2.613384,1665.6
deepspeed,1f1b,gpt2-xl,8,146,2.744717,1665.5
deepspeed,1f1b,gpt2-xl,8,147,2.772925,1665.5
deepspeed,1f1b,gpt2-xl,8,148,2.499995,1665.5
deepspeed,1f1b,gpt2-xl,8,149,2.714798,1665.5
deepspeed,1f1b,gpt2-xl,8,150,2.888017,1665.5
deepspeed,1f1b,gpt2-xl,8,151,2.775178,1665.5
deepspeed,1f1b,gpt2-xl,8,152,2.696637,1665.5
deepspeed,1f1b,gpt2-xl,8,153,2.757911,1665.5
deepspeed,1f1b,gpt2-xl,8,154,2.821342,1665.5
deepspeed,1f1b,gpt2-xl,8,155,2.770044,1665.5
deepspeed,1f1b,gpt2-xl,8,156,2.709095,1665.5
deepspeed,1f1b,gpt2-xl,8,157,2.760329,1665.5
deepspeed,1f1b,gpt2-xl,8,158,2.836773,1665.5
deepspeed,1f1b,gpt2-xl,8,159,2.845182,1665.5
deepspeed,1f1b,gpt2-xl,8,160,2.560414,1665.5
deepspeed,1f1b,gpt2-xl,8,161,2.828168,1665.5
deepspeed,1f1b,gpt2-xl,8,162,2.618607,1665.5
deepspeed,1f1b,gpt2-xl,8,163,2.841439,1665.5
deepspeed,1f1b,gpt2-xl,8,164,2.958614,1665.5
deepspeed,1f1b,gpt2-xl,8,165,2.826269,1665.5
deepspeed,1f1b,gpt2-xl,8,166,2.732721,1665.5
deepspeed,1f1b,gpt2-xl,8,167,2.780132,1665.4
deepspeed,1f1b,gpt2-xl,8,168,2.808719,1665.4
deepspeed,1f1b,gpt2-xl,8,169,2.714669,1665.3
deepspeed,1f1b,gpt2-xl,8,170,2.926513,1665.3
deepspeed,1f1b,gpt2-xl,8,171,2.734187,1665.3
deepspeed,1f1b,gpt2-xl,8,172,2.893147,1665.3
deepspeed,1f1b,gpt2-xl,8,173,2.697790,1665.2
deepspeed,1f1b,gpt2-xl,8,174,2.733829,1665.2
deepspeed,1f1b,gpt2-xl,8,175,2.791236,1665.2
deepspeed,1f1b,gpt2-xl,8,176,2.819563,1665.3
deepspeed,1f1b,gpt2-xl,8,177,2.773361,1665.3
deepspeed,1f1b,gpt2-xl,8,178,2.629647,1665.3
deepspeed,1f1b,gpt2-xl,8,179,2.659503,1665.4
deepspeed,1f1b,gpt2-xl,8,180,2.945044,1665.4
deepspeed,1f1b,gpt2-xl,8,181,2.927083,1665.5
deepspeed,1f1b,gpt2-xl,8,182,2.798692,1665.6
deepspeed,1f1b,gpt2-xl,8,183,2.955137,1665.6
deepspeed,1f1b,gpt2-xl,8,184,2.942191,1665.7
deepspeed,1f1b,gpt2-xl,8,185,2.633417,1665.7
deepspeed,1f1b,gpt2-xl,8,186,2.660348,1665.7
deepspeed,1f1b,gpt2-xl,8,187,2.778262,1665.8
deepspeed,1f1b,gpt2-xl,8,188,2.964851,1665.8
deepspeed,1f1b,gpt2-xl,8,189,2.702789,1665.8
deepspeed,1f1b,gpt2-xl,8,190,2.786906,1665.8
deepspeed,1f1b,gpt2-xl,8,191,2.910153,1665.8
deepspeed,1f1b,gpt2-xl,8,192,2.741521,1665.8
deepspeed,1f1b,gpt2-xl,8,193,2.790436,1665.9
deepspeed,1f1b,gpt2-xl,8,194,2.752540,1665.8
deepspeed,1f1b,gpt2-xl,8,195,2.845223,1665.8
deepspeed,1f1b,gpt2-xl,8,196,2.914558,1665.9
deepspeed,1f1b,gpt2-xl,8,197,2.611798,1665.9
deepspeed,1f1b,gpt2-xl,8,198,2.694289,1665.8
deepspeed,1f1b,gpt2-xl,8,199,2.803077,1665.8
deepspeed,1f1b,gpt2-xl,8,200,2.824005,1665.8
deepspeed,1f1b,gpt2-xl,8,201,2.894014,1665.7
deepspeed,1f1b,gpt2-xl,8,202,2.816857,1665.7
deepspeed,1f1b,gpt2-xl,8,203,2.601416,1665.7
deepspeed,1f1b,gpt2-xl,8,204,2.710757,1665.7
deepspeed,1f1b,gpt2-xl,8,205,2.665017,1665.7
deepspeed,1f1b,gpt2-xl,8,206,2.753561,1665.7
deepspeed,1f1b,gpt2-xl,8,207,2.965931,1665.7
deepspeed,1f1b,gpt2-xl,8,208,2.756490,1665.7
deepspeed,1f1b,gpt2-xl,8,209,2.726823,1665.7
deepspeed,1f1b,gpt2-xl,8,210,2.642699,1665.7
deepspeed,1f1b,gpt2-xl,8,211,2.899295,1665.7
deepspeed,1f1b,gpt2-xl,8,212,3.038295,1665.7
deepspeed,1f1b,gpt2-xl,8,213,2.619433,1665.7
deepspeed,1f1b,gpt2-xl,8,214,2.966785,1665.7
deepspeed,1f1b,gpt2-xl,8,215,2.910928,1665.7
deepspeed,1f1b,gpt2-xl,8,216,2.855443,1665.8
deepspeed,1f1b,gpt2-xl,8,217,2.768451,1665.8
deepspeed,1f1b,gpt2-xl,8,218,2.794276,1665.8
deepspeed,1f1b,gpt2-xl,8,219,2.787663,1665.8
deepspeed,1f1b,gpt2-xl,8,220,2.602748,1665.7
deepspeed,1f1b,gpt2-xl,8,221,2.830891,1665.7
deepspeed,1f1b,gpt2-xl,8,222,2.942074,1665.8
deepspeed,1f1b,gpt2-xl,8,223,2.844486,1665.8
deepspeed,1f1b,gpt2-xl,8,224,2.678783,1665.7
deepspeed,1f1b,gpt2-xl,8,225,2.647284,1665.7
deepspeed,1f1b,gpt2-xl,8,226,2.948063,1665.7
deepspeed,1f1b,gpt2-xl,8,227,2.908720,1665.7
deepspeed,1f1b,gpt2-xl,8,228,3.036570,1665.7
deepspeed,1f1b,gpt2-xl,8,229,2.891864,1665.6
deepspeed,1f1b,gpt2-xl,8,230,2.683752,1665.6
deepspeed,1f1b,gpt2-xl,8,231,2.810411,1665.6
deepspeed,1f1b,gpt2-xl,8,232,2.908909,1665.6
deepspeed,1f1b,gpt2-xl,8,233,2.795754,1665.7
deepspeed,1f1b,gpt2-xl,8,234,2.885273,1665.6
deepspeed,1f1b,gpt2-xl,8,235,2.684572,1665.7
deepspeed,1f1b,gpt2-xl,8,236,2.802019,1665.7
deepspeed,1f1b,gpt2-xl,8,237,2.832730,1665.7
deepspeed,1f1b,gpt2-xl,8,238,2.856392,1665.8
deepspeed,1f1b,gpt2-xl,8,239,2.744121,1665.8
deepspeed,1f1b,gpt2-xl,8,240,2.676310,1665.8
deepspeed,1f1b,gpt2-xl,8,241,2.867221,1665.9
deepspeed,1f1b,gpt2-xl,8,242,2.799549,1665.9
deepspeed,1f1b,gpt2-xl,8,243,2.903629,1665.9
deepspeed,1f1b,gpt2-xl,8,244,2.799978,1666.0
deepspeed,1f1b,gpt2-xl,8,245,2.733728,1666.0
deepspeed,1f1b,gpt2-xl,8,246,2.773772,1666.0
deepspeed,1f1b,gpt2-xl,8,247,3.026422,1666.0
deepspeed,1f1b,gpt2-xl,8,248,2.767164,1666.0
deepspeed,1f1b,gpt2-xl,8,249,2.849303,1666.0
deepspeed,1f1b,gpt2-xl,8,250,2.923341,1666.0
deepspeed,1f1b,gpt2-xl,8,251,3.098512,1666.0
deepspeed,1f1b,gpt2-xl,8,252,2.756385,1666.0
deepspeed,1f1b,gpt2-xl,8,253,2.940422,1666.0
deepspeed,1f1b,gpt2-xl,8,254,2.692183,1666.0
deepspeed,1f1b,gpt2-xl,8,255,2.769562,1666.0
deepspeed,1f1b,gpt2-xl,8,256,2.901655,1666.0
deepspeed,1f1b,gpt2-xl,8,257,2.615690,1666.0
deepspeed,1f1b,gpt2-xl,8,258,2.681796,1666.0
deepspeed,1f1b,gpt2-xl,8,259,2.761765,1665.9
deepspeed,1f1b,gpt2-xl,8,260,2.766566,1665.9
deepspeed,1f1b,gpt2-xl,8,261,2.776510,1665.9
deepspeed,1f1b,gpt2-xl,8,262,2.749628,1665.9
deepspeed,1f1b,gpt2-xl,8,263,2.930099,1665.9
deepspeed,1f1b,gpt2-xl,8,264,2.747799,1665.9
deepspeed,1f1b,gpt2-xl,8,265,2.802787,1665.9
deepspeed,1f1b,gpt2-xl,8,266,2.620287,1665.9
deepspeed,1f1b,gpt2-xl,8,267,2.774090,1665.9
deepspeed,1f1b,gpt2-xl,8,268,2.863768,1665.9
deepspeed,1f1b,gpt2-xl,8,269,2.700798,1665.9
deepspeed,1f1b,gpt2-xl,8,270,2.804412,1666.0
deepspeed,1f1b,gpt2-xl,8,271,2.806179,1666.0
deepspeed,1f1b,gpt2-xl,8,272,2.873149,1666.0
deepspeed,1f1b,gpt2-xl,8,273,2.717586,1666.0
deepspeed,1f1b,gpt2-xl,8,274,2.873662,1666.0
deepspeed,1f1b,gpt2-xl,8,275,2.818388,1666.0
deepspeed,1f1b,gpt2-xl,8,276,2.698567,1666.0
deepspeed,1f1b,gpt2-xl,8,277,2.794751,1666.0
deepspeed,1f1b,gpt2-xl,8,278,2.740347,1666.1
deepspeed,1f1b,gpt2-xl,8,279,2.732014,1666.1
deepspeed,1f1b,gpt2-xl,8,280,2.725395,1666.1
deepspeed,1f1b,gpt2-xl,8,281,2.701939,1666.1
deepspeed,1f1b,gpt2-xl,8,282,2.674512,1666.1
deepspeed,1f1b,gpt2-xl,8,283,2.933419,1666.1
deepspeed,1f1b,gpt2-xl,8,284,2.596282,1666.0
deepspeed,1f1b,gpt2-xl,8,285,2.831749,1666.0
deepspeed,1f1b,gpt2-xl,8,286,2.991500,1666.0
deepspeed,1f1b,gpt2-xl,8,287,2.689726,1666.0
deepspeed,1f1b,gpt2-xl,8,288,2.882882,1666.0
deepspeed,1f1b,gpt2-xl,8,289,2.786565,1666.0
deepspeed,1f1b,gpt2-xl,8,290,2.968653,1666.0
deepspeed,1f1b,gpt2-xl,8,291,2.525774,1666.0
deepspeed,1f1b,gpt2-xl,8,292,2.745241,1666.0
deepspeed,1f1b,gpt2-xl,8,293,2.796597,1666.1
deepspeed,1f1b,gpt2-xl,8,294,2.637905,1666.1
deepspeed,1f1b,gpt2-xl,8,295,2.807378,1666.1
deepspeed,1f1b,gpt2-xl,8,296,2.834775,1666.2
deepspeed,1f1b,gpt2-xl,8,297,2.824573,1666.2
deepspeed,1f1b,gpt2-xl,8,298,2.782987,1666.2
deepspeed,1f1b,gpt2-xl,8,299,2.629770,1666.2
deepspeed,1f1b,gpt2-xl,8,300,2.760901,1666.3
